insert into manufacturer (id, name, email, password) values (1,'PREMDOR','PREMDOR.email@email.com','passw0rd');
insert into manufacturer (id, name, email, password) values (2,'Gaven','Gaven.email@email.com','passw0rd1');
insert into manufacturer (id, name, email, password) values (3,'Siemens','Siemens.email@official.com','passw0rd');
insert into door (id, bwf, cost, description, dimensions, thermal_resistance, title, manufacturer_id) values (4, 'FWD20', 107, 'Flush Door', '1981x762x35', '1.4','Anegre Veneer',1);
insert into door (id, bwf, cost, description, dimensions, thermal_resistance, title, manufacturer_id) values (5, 'FWD30', 118, 'Flush Door', '1981x762x35', '1.3','Portfolio Black & Grey Stile',1);
insert into door (id, bwf, cost, description, dimensions, thermal_resistance, title, manufacturer_id) values (6, 'FWD30', 103, 'Flush Door', '1981x762x35', '1.5','Portfolio Scandinavian horizontal',1);
insert into door (id, bwf, cost, description, dimensions, thermal_resistance, title, manufacturer_id) values (7, 'FWD20', 61, 'Moulded Door', '1981x762x35', '1.5','Anegre Veneer',1);
insert into door (id, bwf, cost, description, dimensions, thermal_resistance, title, manufacturer_id) values (8, 'FWD60', 229, 'Fire Door', '2040x762x48', '0.8','Anegre Veneer',2);
insert into door (id, bwf, cost, description, dimensions, thermal_resistance, title, manufacturer_id) values (9, 'FWD50', 183, 'Fire Door', '1981x762x44', '0.9','Anegre Veneer',2);
insert into door (id, bwf, cost, description, dimensions, thermal_resistance, title, manufacturer_id) values (10, 'FWD40', 196, 'Timber Door', '2134x762x35', '1.2','Anegre Veneer',1);
insert into door (id, bwf, cost, description, dimensions, thermal_resistance, title, manufacturer_id) values (11, 'FWD10', 49, 'Flush Door', '2134x762x35', '1.1','American black walnut veneer',2);
insert into window (id, bwf, cost, description, dimensions, thermal_resistance, title, manufacturer_id) values (12, 'FWD10', 109, 'Timber, double glazed', '620x1270x26', '0.9','Liniar Casement',1);
insert into window (id, bwf, cost, description, dimensions, thermal_resistance, title, manufacturer_id) values (13, 'FWD10', 135, 'uPVC, triple glazed', '720x762x35', '0.9','Liniar Casement',2);
insert into window (id, bwf, cost, description, dimensions, thermal_resistance, title, manufacturer_id) values (14, 'FWD10', 49, 'Timber, double glazed', '720x762x35', '1.1','Liniar French Casement',1);
insert into window (id, bwf, cost, description, dimensions, thermal_resistance, title, manufacturer_id) values (15, 'FWD20', 59, 'uPVC, double glazed', '928x980x25', '1.2','Liniar French Casement',2);
insert into window (id, bwf, cost, description, dimensions, thermal_resistance, title, manufacturer_id) values (16, 'FWD30', 99, 'uPVC, double glazed', '557x980x25', '1.3','Liniar Sash Horn',1);
insert into window (id, bwf, cost, description, dimensions, thermal_resistance, title, manufacturer_id) values (17, 'FWD20', 105, 'uPVC, double glazed', '620x762x35', '1.1','Tilt and Turn',1);
insert into lift(id, description, title, manufacturer_id, carry_capacity, cost, dimensions, max_speed) values (18, 'PASSENGER LIFT', 'FOCUS LPH', 3, 300,23000, '3350x1450x1350', '0.63');
insert into lift(id, description, title, manufacturer_id, carry_capacity, cost, dimensions, max_speed) values (19, 'PASSENGER LIFT', 'EPOXY', 3, 450,27000, '3350x1450x1350', '0.70');

